model,split,month,node_id,target,score
ridge_regression,train,2021-12,country_203,-0.00795968884408441,0.15646752482388743
ridge_regression,train,2022-01,country_203,0.09020022318061355,0.040955893295393134
ridge_regression,train,2022-02,country_203,0.2821718992053088,0.0854107006689157
ridge_regression,train,2022-03,country_203,-0.007671003200142579,0.11852381651046871
ridge_regression,train,2022-04,country_203,-0.08099639676181157,-0.0006223698837872493
ridge_regression,train,2022-05,country_203,-0.0021613067843483766,-0.051157033273578914
ridge_regression,train,2022-06,country_203,-0.22392888636764374,0.04963917698993616
ridge_regression,train,2022-07,country_203,-0.09258495734478822,-0.09923332259937916
ridge_regression,train,2022-08,country_203,0.2166340587284041,0.0425177847816359
ridge_regression,train,2022-09,country_203,0.034706865095877136,0.17006791494279597
ridge_regression,train,2022-10,country_203,0.14608822490895307,0.09980936302677998
ridge_regression,train,2022-11,country_203,0.2801408327617391,0.08880932861541282
ridge_regression,train,2022-12,country_203,0.1272713192340445,0.09908302225233448
ridge_regression,train,2021-12,country_344,-0.02274698264252277,0.10341260558347715
ridge_regression,train,2022-01,country_344,-0.10357964278898311,0.02454045301517528
ridge_regression,train,2022-02,country_344,0.06868783924496996,-0.02919620974045277
ridge_regression,train,2022-03,country_344,-0.02388330002364072,0.08386887707947177
ridge_regression,train,2022-04,country_344,0.020411894583884597,0.053371707291012316
ridge_regression,train,2022-05,country_344,0.08511894192331065,0.06696450370664253
ridge_regression,train,2022-06,country_344,-0.0614055504257333,0.07854234337162529
ridge_regression,train,2022-07,country_344,-0.11881260349420528,0.006050269231000549
ridge_regression,train,2022-08,country_344,0.12892050601052366,-0.03255426741656457
ridge_regression,train,2022-09,country_344,-0.12791953250589086,0.11297546384389821
ridge_regression,train,2022-10,country_344,-0.1513626157725983,-0.010583963703517621
ridge_regression,train,2022-11,country_344,0.03665956155696903,0.011855640120769326
ridge_regression,train,2022-12,country_344,-0.2791597709792056,0.10894303454839269
ridge_regression,train,2021-12,country_372,-0.42478079180346673,-0.2563956758165149
ridge_regression,train,2022-01,country_372,-0.4093389193778705,-0.06615571475182223
ridge_regression,train,2022-02,country_372,0.23626684923296296,0.0604623127712496
ridge_regression,train,2022-03,country_372,-0.11265186995448649,0.22493471523066372
ridge_regression,train,2022-04,country_372,0.3743790149764909,0.06699392078591945
ridge_regression,train,2022-05,country_372,-0.018843888502942278,0.2129611636374713
ridge_regression,train,2022-06,country_372,0.07058684600803747,-0.11874648024482924
ridge_regression,train,2022-07,country_372,0.535015071306534,0.06800195104337306
ridge_regression,train,2022-08,country_372,0.1806352605785129,0.22632788480735982
ridge_regression,train,2022-09,country_372,-0.11075410213439198,0.10486742372240704
ridge_regression,train,2022-10,country_372,0.3174794448653051,-0.09595411446217615
ridge_regression,train,2022-11,country_372,0.383329715656997,0.0917078484775754
ridge_regression,train,2022-12,country_372,-0.24880775436696306,0.11127542732513016
ridge_regression,train,2021-12,country_380,0.1128056412534289,0.06976633641651339
ridge_regression,train,2022-01,country_380,-0.0763900172732648,0.04509884729775368
ridge_regression,train,2022-02,country_380,0.03955964596834127,-0.03737003209065855
ridge_regression,train,2022-03,country_380,-0.16663712108590495,0.0422850942136736
ridge_regression,train,2022-04,country_380,-0.10056645673459244,-0.06838406077657354
ridge_regression,train,2022-05,country_380,0.40901620695120533,0.051119934428015684
ridge_regression,train,2022-06,country_380,0.24537287211179656,0.24980966893240303
ridge_regression,train,2022-07,country_380,0.10194812399997852,0.18597971688778692
ridge_regression,train,2022-08,country_380,0.3210053334849776,-0.02319018287075307
ridge_regression,train,2022-09,country_380,0.3742741225389688,0.07933583221438545
ridge_regression,train,2022-10,country_380,0.22149514196267744,0.09895564449331579
ridge_regression,train,2022-11,country_380,0.12966552577310064,0.015563210847947553
ridge_regression,train,2022-12,country_380,0.14740628139496792,-0.011562907248796106
ridge_regression,train,2021-12,country_cn,0.08915409734790612,0.10426780495787054
ridge_regression,train,2022-01,country_cn,-0.1929824800202209,0.04319772942869027
ridge_regression,train,2022-02,country_cn,0.029261029262377072,-0.09233248750807486
ridge_regression,train,2022-03,country_cn,-0.08633116319791737,0.060719325446999727
ridge_regression,train,2022-04,country_cn,-0.1528087592642201,0.03415360621047969
ridge_regression,train,2022-05,country_cn,-0.06294075943026844,0.025558716797417155
ridge_regression,train,2022-06,country_cn,-0.06444677299500863,0.08086217321836085
ridge_regression,train,2022-07,country_cn,-0.09317475821224305,0.07195081583824955
ridge_regression,train,2022-08,country_cn,0.10087587956660592,0.06153830573775981
ridge_regression,train,2022-09,country_cn,-0.03775785913941434,0.1264251633119846
ridge_regression,train,2022-10,country_cn,-0.14451978670478485,0.0676824996678286
ridge_regression,train,2022-11,country_cn,-0.015032989183865144,0.022597654383214802
ridge_regression,train,2022-12,country_cn,-0.31929660051610237,0.09583237699063792
ridge_regression,train,2021-12,country_de,0.17143466109198027,0.13118283297495986
ridge_regression,train,2022-01,country_de,0.199516114103601,0.07886846840551265
ridge_regression,train,2022-02,country_de,0.2814701259231858,0.09942686732429534
ridge_regression,train,2022-03,country_de,0.1740946604977431,0.12802785395356053
ridge_regression,train,2022-04,country_de,0.22519607398881566,0.11162626347379775
ridge_regression,train,2022-05,country_de,0.28215621202537006,0.10669498475722847
ridge_regression,train,2022-06,country_de,0.18640896183084157,0.1312001504123882
ridge_regression,train,2022-07,country_de,0.2427523746030875,0.09821240172778989
ridge_regression,train,2022-08,country_de,0.19714552039531952,0.12303701904743554
ridge_regression,train,2022-09,country_de,0.13377090740730688,0.0892097314173237
ridge_regression,train,2022-10,country_de,0.13752343383415594,0.0898322217682002
ridge_regression,train,2022-11,country_de,0.05769255421859004,0.09769418447289951
ridge_regression,train,2022-12,country_de,0.007389777476744971,0.07712791704696612
ridge_regression,train,2021-12,country_fr,0.21795736914867186,0.051283384714315323
ridge_regression,train,2022-01,country_fr,0.14339198606182765,0.11263291374262874
ridge_regression,train,2022-02,country_fr,0.24710417210247287,0.09602824664380445
ridge_regression,train,2022-03,country_fr,0.2904445492076306,0.13403487226057445
ridge_regression,train,2022-04,country_fr,0.25627815323716985,0.14564984914061413
ridge_regression,train,2022-05,country_fr,0.2577032247128855,0.10980598872559222
ridge_regression,train,2022-06,country_fr,0.2290541987658223,0.10116006623760344
ridge_regression,train,2022-07,country_fr,0.1798259904911896,0.08058772736878549
ridge_regression,train,2022-08,country_fr,0.08518176978909356,0.07547968045249936
ridge_regression,train,2022-09,country_fr,-0.0003349883539318153,0.05677863224011479
ridge_regression,train,2022-10,country_fr,0.001020985564753977,0.0644581523303415
ridge_regression,train,2022-11,country_fr,-0.20283974646768016,0.07044259617075979
ridge_regression,train,2022-12,country_fr,-0.04554433671236905,-0.060978031505085364
ridge_regression,train,2021-12,country_gb,0.5500937797584347,0.03882300771675616
ridge_regression,train,2022-01,country_gb,0.6329752080984082,0.21308591972241425
ridge_regression,train,2022-02,country_gb,0.6143814408364487,0.2444712449332852
ridge_regression,train,2022-03,country_gb,0.6661177934144221,0.12052466390884349
ridge_regression,train,2022-04,country_gb,0.40461164668629257,0.13571585007214948
ridge_regression,train,2022-05,country_gb,0.4879183489534779,0.0558594586824413
ridge_regression,train,2022-06,country_gb,0.2729980682519035,0.11457553210897212
ridge_regression,train,2022-07,country_gb,0.17505536153169904,0.06339577260819534
ridge_regression,train,2022-08,country_gb,-0.09475735829597277,0.09265622130814777
ridge_regression,train,2022-09,country_gb,-0.12823241508227023,-0.03870483094046229
ridge_regression,train,2022-10,country_gb,0.08582538327044796,-0.04683087222070022
ridge_regression,train,2022-11,country_gb,0.06759903706321853,0.16082558469118297
ridge_regression,train,2022-12,country_gb,-0.0009294682170257896,0.1614440254869462
ridge_regression,train,2021-12,country_in,0.45649432388608896,0.03399860467902539
ridge_regression,train,2022-01,country_in,0.3977685073774692,0.23239317735855786
ridge_regression,train,2022-02,country_in,1.2402992956707204,0.22303306351978447
ridge_regression,train,2022-03,country_in,0.23763355220855417,0.31618262248303236
ridge_regression,train,2022-04,country_in,-0.18195417905972822,0.0551947822081968
ridge_regression,train,2022-05,country_in,-0.2472668739806873,-0.14398254391944493
ridge_regression,train,2022-06,country_in,-0.14766126660879872,-0.13806554965845513
ridge_regression,train,2022-07,country_in,-0.01440422725381466,0.1142502432417774
ridge_regression,train,2022-08,country_in,0.06590497850389053,0.17117033175585766
ridge_regression,train,2022-09,country_in,-0.15709305307192165,0.18075570229506518
ridge_regression,train,2022-10,country_in,-0.14487755623009962,0.004633402626342029
ridge_regression,train,2022-11,country_in,-0.07562928206376617,-0.025000318167272065
ridge_regression,train,2022-12,country_in,-0.006805618531527883,0.1178516979922685
ridge_regression,train,2021-12,country_jp,0.18367445178889397,0.11323156329441647
ridge_regression,train,2022-01,country_jp,-0.03903772631422093,0.07150371091126137
ridge_regression,train,2022-02,country_jp,0.14467825090084893,-0.003760589641455217
ridge_regression,train,2022-03,country_jp,0.07932862366425145,0.08126923689115388
ridge_regression,train,2022-04,country_jp,0.16506551295472047,0.05831242336060298
ridge_regression,train,2022-05,country_jp,0.16332705917443108,0.11503143592921695
ridge_regression,train,2022-06,country_jp,0.03640754765483194,0.09671209626273496
ridge_regression,train,2022-07,country_jp,0.08570993292133397,0.026298603015491542
ridge_regression,train,2022-08,country_jp,0.006196197777785606,0.07166552789660344
ridge_regression,train,2022-09,country_jp,0.07145925235949507,0.02486646000624544
ridge_regression,train,2022-10,country_jp,0.07088770250493313,0.10011945726326954
ridge_regression,train,2022-11,country_jp,-0.011456724303736683,0.08387751779645831
ridge_regression,train,2022-12,country_jp,-0.05866449821646556,0.039604962485151336
ridge_regression,train,2021-12,country_kr,0.09600252191165154,0.10259827426729386
ridge_regression,train,2022-01,country_kr,0.015907170557218398,-0.003158400709818418
ridge_regression,train,2022-02,country_kr,0.09721219296306557,0.01618149524197747
ridge_regression,train,2022-03,country_kr,0.06665814725823928,0.09191695679683434
ridge_regression,train,2022-04,country_kr,0.11124291477902094,0.11022714766467033
ridge_regression,train,2022-05,country_kr,0.21354918917217053,0.07706779408401683
ridge_regression,train,2022-06,country_kr,0.1671989116611154,0.12847523727831806
ridge_regression,train,2022-07,country_kr,0.1609395756931548,0.1270645343362113
ridge_regression,train,2022-08,country_kr,0.13874797792078405,0.06107502082592812
ridge_regression,train,2022-09,country_kr,0.030138486647375787,0.09373290296155608
ridge_regression,train,2022-10,country_kr,-0.12720949400180478,0.0645773306483598
ridge_regression,train,2022-11,country_kr,-0.0758810164113216,-0.05233434199597396
ridge_regression,train,2022-12,country_kr,-0.14337653846690535,0.03598822361603869
ridge_regression,train,2021-12,country_mx,-0.04707923658332725,0.1449583248407803
ridge_regression,train,2022-01,country_mx,0.16912395916440132,-0.003993997689250017
ridge_regression,train,2022-02,country_mx,0.09419131020913563,0.11167098815312503
ridge_regression,train,2022-03,country_mx,0.06277666805181575,0.07170841801819758
ridge_regression,train,2022-04,country_mx,0.06420287637873241,0.09582645741005887
ridge_regression,train,2022-05,country_mx,0.015970508234771745,0.08467981281518429
ridge_regression,train,2022-06,country_mx,0.13147091894196736,0.10409285477557567
ridge_regression,train,2022-07,country_mx,0.15580556379703103,0.14191702555547997
ridge_regression,train,2022-08,country_mx,0.1584320322535828,0.13409676734469228
ridge_regression,train,2022-09,country_mx,0.19040103101830805,0.11525921863003898
ridge_regression,train,2022-10,country_mx,0.04859388178562031,0.09679043853482813
ridge_regression,train,2022-11,country_mx,-0.07900051265778646,0.04581062581447533
ridge_regression,train,2022-12,country_mx,-0.10705808145283699,-0.011326390600583977
ridge_regression,train,2021-12,country_my,0.2131820152627011,0.07653373909399322
ridge_regression,train,2022-01,country_my,0.0875012873409862,0.056958654002597545
ridge_regression,train,2022-02,country_my,0.21850424844656074,0.004188770180939022
ridge_regression,train,2022-03,country_my,0.16204063937897148,0.10798504792901785
ridge_regression,train,2022-04,country_my,0.27126561240043207,0.12049212344057843
ridge_regression,train,2022-05,country_my,0.1105584257318879,0.11006179185000746
ridge_regression,train,2022-06,country_my,0.06643256119309783,0.11173347336601591
ridge_regression,train,2022-07,country_my,0.07878271056262501,0.061382332842255555
ridge_regression,train,2022-08,country_my,0.010755279079206075,0.0909794090375509
ridge_regression,train,2022-09,country_my,-0.014019071043353676,0.07181120497984991
ridge_regression,train,2022-10,country_my,0.01510191571420141,0.05892568135207842
ridge_regression,train,2022-11,country_my,-0.08569190339229121,0.09437879661188461
ridge_regression,train,2022-12,country_my,-0.165785684543025,0.031853858087113086
ridge_regression,train,2021-12,country_ph,0.0803042943842603,0.08089610719003495
ridge_regression,train,2022-01,country_ph,-0.0680052607606285,0.09586071660667173
ridge_regression,train,2022-02,country_ph,0.03627992744022769,0.03416819395882603
ridge_regression,train,2022-03,country_ph,-0.02852877775252818,0.08419413840157894
ridge_regression,train,2022-04,country_ph,0.026128995779477398,0.04407620232526445
ridge_regression,train,2022-05,country_ph,0.12973167986721082,0.10495185513889897
ridge_regression,train,2022-06,country_ph,0.06662615653792749,0.12825373109285532
ridge_regression,train,2022-07,country_ph,0.08710615030872583,0.11766986262476237
ridge_regression,train,2022-08,country_ph,0.10994449445605536,0.10032601441670651
ridge_regression,train,2022-09,country_ph,0.054274137255358866,0.09164643736458856
ridge_regression,train,2022-10,country_ph,-0.0257729876040113,0.06233874954421396
ridge_regression,train,2022-11,country_ph,-0.09513912355076076,0.02691146377475661
ridge_regression,train,2022-12,country_ph,-0.12022978045935312,-0.004425803977207321
ridge_regression,train,2021-12,country_sg,0.16290913599898385,0.19114973378848069
ridge_regression,train,2022-01,country_sg,0.043183646342488544,0.12946604868858402
ridge_regression,train,2022-02,country_sg,0.20625498513824567,0.0358483519911008
ridge_regression,train,2022-03,country_sg,0.1325699754007974,0.11803729631061322
ridge_regression,train,2022-04,country_sg,0.10968455828690879,0.08034387620960019
ridge_regression,train,2022-05,country_sg,0.2072964678192454,0.06425524198627948
ridge_regression,train,2022-06,country_sg,0.14584853999953487,0.1001528309922334
ridge_regression,train,2022-07,country_sg,0.07716104794139488,0.10506454907086185
ridge_regression,train,2022-08,country_sg,-0.1447588444175082,0.058553049606540904
ridge_regression,train,2022-09,country_sg,-0.1712191792669044,-0.06751203270475818
ridge_regression,train,2022-10,country_sg,-0.15981292099978234,-0.06946312938911393
ridge_regression,train,2022-11,country_sg,-0.161986212562861,0.06508210525617905
ridge_regression,train,2022-12,country_sg,-0.4304815954412584,0.08971382155540461
ridge_regression,train,2021-12,country_th,0.2884228525565433,0.07098024686515526
ridge_regression,train,2022-01,country_th,-0.04140526741887283,0.15899780513209205
ridge_regression,train,2022-02,country_th,0.1833406453765212,0.04675605181784129
ridge_regression,train,2022-03,country_th,0.16366381015550563,0.1341494825666494
ridge_regression,train,2022-04,country_th,0.13829335394608278,0.0848226703020262
ridge_regression,train,2022-05,country_th,0.12195240112819256,0.10309003614223639
ridge_regression,train,2022-06,country_th,0.2492697553060807,0.08491682216058288
ridge_regression,train,2022-07,country_th,0.17273006111049363,0.12918844489216208
ridge_regression,train,2022-08,country_th,0.07220105865719297,0.1282167084684907
ridge_regression,train,2022-09,country_th,0.0266492273885304,0.06418664712281007
ridge_regression,train,2022-10,country_th,-0.09886923130409049,0.046366608101305884
ridge_regression,train,2022-11,country_th,-0.06307536629835712,-0.004291731713628302
ridge_regression,train,2022-12,country_th,0.1007734139929435,0.05773808612950984
ridge_regression,train,2021-12,country_us,-0.1466354063730548,0.12461772316486917
ridge_regression,train,2022-01,country_us,-0.09559008151377082,-0.004347797194067124
ridge_regression,train,2022-02,country_us,0.21039016516095357,0.02671344427773957
ridge_regression,train,2022-03,country_us,-0.0044318128815947315,0.200829910087797
ridge_regression,train,2022-04,country_us,0.1224277368300996,0.11978470791922695
ridge_regression,train,2022-05,country_us,0.18753736950339275,0.12722299237365564
ridge_regression,train,2022-06,country_us,-0.05124865368410662,0.10187274379365753
ridge_regression,train,2022-07,country_us,0.04415448748121875,-0.019701494716284268
ridge_regression,train,2022-08,country_us,0.1802545490723591,0.0359134125154538
ridge_regression,train,2022-09,country_us,0.16742386456951341,0.1337775346543599
ridge_regression,train,2022-10,country_us,-0.002789614551993425,0.13416957877738006
ridge_regression,train,2022-11,country_us,-0.007764012104628497,0.01885349995066933
ridge_regression,train,2022-12,country_us,-0.040166473996573554,0.022250702366168842
ridge_regression,train,2021-12,country_vn,0.21887726008501118,0.08119406004129655
ridge_regression,train,2022-01,country_vn,0.07534867902349056,0.05243614020616906
ridge_regression,train,2022-02,country_vn,0.2996224244239433,0.019638384669568104
ridge_regression,train,2022-03,country_vn,0.11303812833306846,0.12120499128887627
ridge_regression,train,2022-04,country_vn,-0.0037019865173505196,0.07131487494412414
ridge_regression,train,2022-05,country_vn,-0.0015020324236002921,0.0001379572760140807
ridge_regression,train,2022-06,country_vn,0.010834864762005972,0.011897054870564444
ridge_regression,train,2022-07,country_vn,0.05992703425530965,0.0383888248204423
ridge_regression,train,2022-08,country_vn,-0.04247599820895813,0.0920002413031894
ridge_regression,train,2022-09,country_vn,-0.07953079744737139,0.03333552874850254
ridge_regression,train,2022-10,country_vn,-0.2353518777825553,0.030397911686558962
ridge_regression,train,2022-11,country_vn,-0.17775542700227187,-0.0792387005781756
ridge_regression,train,2022-12,country_vn,-0.16263839604074157,0.008277109882682598
ridge_regression,validation,2023-01,country_203,-0.2496081407921051,0.05145178052200238
ridge_regression,validation,2023-02,country_203,0.20070299599292582,-0.15670799067351399
ridge_regression,validation,2023-03,country_203,-0.18590105130827528,0.07389761471401558
ridge_regression,validation,2023-04,country_203,-0.08102185378894071,-0.1368058515262638
ridge_regression,validation,2023-05,country_203,-0.06621807069058937,0.09583635696444867
ridge_regression,validation,2023-06,country_203,0.001655745664819759,0.056695731961458204
ridge_regression,validation,2023-07,country_203,0.38156413348874485,0.0733073572357317
ridge_regression,validation,2023-08,country_203,0.08484185342576064,0.21794868548317103
ridge_regression,validation,2023-09,country_203,-0.014615677856353272,0.11782551133964012
ridge_regression,validation,2023-10,country_203,-0.0075020724674846355,-0.01094661881747476
ridge_regression,validation,2023-11,country_203,-0.058512011711056154,0.004763948953504724
ridge_regression,validation,2023-12,country_203,0.09857100718605945,0.0035410873799445464
ridge_regression,validation,2023-01,country_344,-0.30634630924901307,-0.07735689333911248
ridge_regression,validation,2023-02,country_344,-0.013044281051377919,-0.08823538963357756
ridge_regression,validation,2023-03,country_344,-0.12052648049324363,0.17632193001742702
ridge_regression,validation,2023-04,country_344,-0.13531681987824457,0.11910921135657501
ridge_regression,validation,2023-05,country_344,0.09625833101545565,0.019334118564090633
ridge_regression,validation,2023-06,country_344,-0.0254073660240165,0.10438394236106457
ridge_regression,validation,2023-07,country_344,0.034981678703675315,0.05952823225399575
ridge_regression,validation,2023-08,country_344,0.20671463889047678,0.0650272166726588
ridge_regression,validation,2023-09,country_344,0.08513705503340327,0.10925674668154156
ridge_regression,validation,2023-10,country_344,0.07617741640282907,0.06804546482892407
ridge_regression,validation,2023-11,country_344,0.16450939183097285,0.053417558784615904
ridge_regression,validation,2023-12,country_344,-0.06103369756567903,0.09663564271778062
ridge_regression,validation,2023-01,country_372,-0.284341528927367,-0.20022223116207633
ridge_regression,validation,2023-02,country_372,-0.20538911412642374,-0.2203215546240988
ridge_regression,validation,2023-03,country_372,-0.5049676168787264,0.07132202363723647
ridge_regression,validation,2023-04,country_372,-0.18763876595449958,-0.2208194248725449
ridge_regression,validation,2023-05,country_372,0.20079936105536053,0.061551339268865954
ridge_regression,validation,2023-06,country_372,-0.10435209272005508,0.19296308657246347
ridge_regression,validation,2023-07,country_372,-0.18494454960970386,0.07687182083727448
ridge_regression,validation,2023-08,country_372,-0.3229202652395494,-0.05651003295699643
ridge_regression,validation,2023-09,country_372,-0.3160159402919736,-0.16636343217912175
ridge_regression,validation,2023-10,country_372,0.1333382273047025,-0.08911242050557532
ridge_regression,validation,2023-11,country_372,-0.3209658990715586,0.2512854868118183
ridge_regression,validation,2023-12,country_372,-0.2763881175985729,0.011229246184152789
ridge_regression,validation,2023-01,country_380,0.18390006576361217,0.0679514329057502
ridge_regression,validation,2023-02,country_380,0.19684628136094343,0.10191415194057
ridge_regression,validation,2023-03,country_380,-0.04100709043079826,0.0961163178035783
ridge_regression,validation,2023-04,country_380,0.12521242426629084,-0.045154178769163486
ridge_regression,validation,2023-05,country_380,-0.044245800008974996,0.0532890578052286
ridge_regression,validation,2023-06,country_380,-0.1850526868425153,-0.035258740032387506
ridge_regression,validation,2023-07,country_380,-0.36043034759041287,-0.062312905611693656
ridge_regression,validation,2023-08,country_380,-0.1724938334533609,-0.18343110178065397
ridge_regression,validation,2023-09,country_380,-0.18724336464077065,0.05645073812781401
ridge_regression,validation,2023-10,country_380,-0.32517312428452533,0.03340024229071399
ridge_regression,validation,2023-11,country_380,-0.4156048885236997,-0.07018689269104082
ridge_regression,validation,2023-12,country_380,-0.24624544024104367,-0.15481825183045905
ridge_regression,validation,2023-01,country_cn,-0.2910718659244788,-0.1340535330710742
ridge_regression,validation,2023-02,country_cn,-0.10668044922052021,-0.05056595961235179
ridge_regression,validation,2023-03,country_cn,-0.19801756884699315,0.16710135472433435
ridge_regression,validation,2023-04,country_cn,-0.20033105094629766,0.1139622159263842
ridge_regression,validation,2023-05,country_cn,-0.02838586359685107,0.05781272257911185
ridge_regression,validation,2023-06,country_cn,-0.0590210739502531,0.12285811191312297
ridge_regression,validation,2023-07,country_cn,-0.02231652542258142,0.10130959286406312
ridge_regression,validation,2023-08,country_cn,0.0807636552686393,0.0847912236996739
ridge_regression,validation,2023-09,country_cn,0.03810289013390047,0.10553599745868918
ridge_regression,validation,2023-10,country_cn,0.08399140499221489,0.09062617646229072
ridge_regression,validation,2023-11,country_cn,0.1022442892108131,0.09541427856140668
ridge_regression,validation,2023-12,country_cn,-0.006393706590089702,0.09465812453446867
ridge_regression,validation,2023-01,country_de,-0.05448223034734515,0.07933731184039779
ridge_regression,validation,2023-02,country_de,0.10323857938182496,0.04190671633540134
ridge_regression,validation,2023-03,country_de,-0.003449554698983311,0.11574188715288919
ridge_regression,validation,2023-04,country_de,0.06711782541693989,0.08873572236167111
ridge_regression,validation,2023-05,country_de,0.01575214689702688,0.11013706579043059
ridge_regression,validation,2023-06,country_de,-0.04315892634109221,0.05311791404247175
ridge_regression,validation,2023-07,country_de,-0.0012248132310044028,0.03783723702802373
ridge_regression,validation,2023-08,country_de,-0.07406044716336074,0.08064723702923969
ridge_regression,validation,2023-09,country_de,-0.14505299993798995,0.04033634581316006
ridge_regression,validation,2023-10,country_de,-0.21217011585773599,0.02347538960907561
ridge_regression,validation,2023-11,country_de,-0.30301414712686603,-0.01010348189370848
ridge_regression,validation,2023-12,country_de,-0.1763757174987907,-0.03641776531522767
ridge_regression,validation,2023-01,country_fr,-0.145387069837271,0.066135537846517
ridge_regression,validation,2023-02,country_fr,0.020261502204499557,0.007726556352399494
ridge_regression,validation,2023-03,country_fr,0.0006466063915796373,0.15079645989924897
ridge_regression,validation,2023-04,country_fr,0.0951131926070987,0.11131297057853479
ridge_regression,validation,2023-05,country_fr,0.09577352722829528,0.10215184020825166
ridge_regression,validation,2023-06,country_fr,-0.11919337487873985,0.13668302697166276
ridge_regression,validation,2023-07,country_fr,-0.20771541880949657,-0.04747833249815238
ridge_regression,validation,2023-08,country_fr,-0.21251883254137813,-0.11087872902951103
ridge_regression,validation,2023-09,country_fr,-0.14735505736961269,-0.002291485459883419
ridge_regression,validation,2023-10,country_fr,-0.26387411186461246,0.10524636316348919
ridge_regression,validation,2023-11,country_fr,-0.20183266467684946,-0.012681922855744807
ridge_regression,validation,2023-12,country_fr,-0.11627971339780822,0.01665137292947752
ridge_regression,validation,2023-01,country_gb,-0.14182632296747363,0.07257662131469639
ridge_regression,validation,2023-02,country_gb,-0.0023043732474544876,-0.022590758905538064
ridge_regression,validation,2023-03,country_gb,-0.07395366151017962,0.08739416704023557
ridge_regression,validation,2023-04,country_gb,0.004807290524473813,0.04396835265548013
ridge_regression,validation,2023-05,country_gb,-0.03739089320629387,0.10664132702189912
ridge_regression,validation,2023-06,country_gb,-0.056689468068103814,0.05586611816357255
ridge_regression,validation,2023-07,country_gb,-0.190832709269182,0.07039537391282247
ridge_regression,validation,2023-08,country_gb,-0.17926599126315088,-0.038418523157892265
ridge_regression,validation,2023-09,country_gb,-0.0654275946478118,-0.03138847392800294
ridge_regression,validation,2023-10,country_gb,-0.24817913765573696,0.1368506407947156
ridge_regression,validation,2023-11,country_gb,-0.19705663974730833,0.01622207013732238
ridge_regression,validation,2023-12,country_gb,-0.1896215877451747,0.06725968814110328
ridge_regression,validation,2023-01,country_in,0.05958123076095299,0.13133822466665765
ridge_regression,validation,2023-02,country_in,0.39852456141610365,0.1339873241906076
ridge_regression,validation,2023-03,country_in,0.2063135606231778,0.22620423989458205
ridge_regression,validation,2023-04,country_in,0.25911390184059163,0.1419029828187953
ridge_regression,validation,2023-05,country_in,0.20385314231937154,0.11619608282418385
ridge_regression,validation,2023-06,country_in,0.4145281001419116,0.09190097321021436
ridge_regression,validation,2023-07,country_in,0.36931088798740513,0.17657021565162878
ridge_regression,validation,2023-08,country_in,0.3769536391650256,0.1737419136209353
ridge_regression,validation,2023-09,country_in,0.20953965770366373,0.12608072027635103
ridge_regression,validation,2023-10,country_in,0.13911185673956017,0.07012779600436116
ridge_regression,validation,2023-11,country_in,0.3520181808622515,0.03697217025136358
ridge_regression,validation,2023-12,country_in,0.4004488263717212,0.16788169117790336
ridge_regression,validation,2023-01,country_jp,-0.06623040347744764,-0.00969433667691677
ridge_regression,validation,2023-02,country_jp,-0.11206568946852395,0.038722477440500475
ridge_regression,validation,2023-03,country_jp,-0.022655613122988527,0.04076976675241263
ridge_regression,validation,2023-04,country_jp,0.00603215489036954,0.09417073096706129
ridge_regression,validation,2023-05,country_jp,-0.2021151091747131,0.10414889169824916
ridge_regression,validation,2023-06,country_jp,-0.04220107602289803,-0.06765278475715113
ridge_regression,validation,2023-07,country_jp,-0.15150808319374556,0.05534518915979994
ridge_regression,validation,2023-08,country_jp,-0.2315760653741482,-0.0014718823861668978
ridge_regression,validation,2023-09,country_jp,-0.060673027316979385,0.0007740886981487255
ridge_regression,validation,2023-10,country_jp,-0.02771200792718846,0.10555571760327169
ridge_regression,validation,2023-11,country_jp,0.04742443586930626,0.11209195159706602
ridge_regression,validation,2023-12,country_jp,-0.23781088365016695,0.11888948288717115
ridge_regression,validation,2023-01,country_kr,-0.16589325090754115,0.012938708199775259
ridge_regression,validation,2023-02,country_kr,-0.08095685691759823,0.02176198061506343
ridge_regression,validation,2023-03,country_kr,-0.20606532107878198,0.11124624675750673
ridge_regression,validation,2023-04,country_kr,-0.13971361250436204,0.003205939104668501
ridge_regression,validation,2023-05,country_kr,-0.06155714390419135,0.09240929429772987
ridge_regression,validation,2023-06,country_kr,-0.04887583435052561,0.0830049162725043
ridge_regression,validation,2023-07,country_kr,-0.005057726586882671,0.09349782479305692
ridge_regression,validation,2023-08,country_kr,-0.0236163775630985,0.09723642531768716
ridge_regression,validation,2023-09,country_kr,0.07095727002429437,0.06394371155387223
ridge_regression,validation,2023-10,country_kr,0.001634377488277605,0.10853528196948484
ridge_regression,validation,2023-11,country_kr,-0.005309520558157565,0.06805204442839428
ridge_regression,validation,2023-12,country_kr,0.07634721910108355,0.063187932043665
ridge_regression,validation,2023-01,country_mx,-0.12376964477016918,-0.009191776223898274
ridge_regression,validation,2023-02,country_mx,-0.055985163077409604,0.0476878830823813
ridge_regression,validation,2023-03,country_mx,0.2240295295420224,0.12774775856474596
ridge_regression,validation,2023-04,country_mx,-0.08721530788527,0.2172008129026095
ridge_regression,validation,2023-05,country_mx,-0.004648001458901942,0.08502214649640816
ridge_regression,validation,2023-06,country_mx,-0.10171445606761853,0.12181182619033921
ridge_regression,validation,2023-07,country_mx,-0.0541941862788653,0.04427426643031389
ridge_regression,validation,2023-08,country_mx,-0.09273813256384181,0.10040767917580266
ridge_regression,validation,2023-09,country_mx,-0.02768377246487665,0.04967610587864473
ridge_regression,validation,2023-10,country_mx,0.061415030707842266,0.08369735444401026
ridge_regression,validation,2023-11,country_mx,-0.16022457254928613,0.12523379906491788
ridge_regression,validation,2023-12,country_mx,-0.13819632254000777,-0.0015498645701357283
ridge_regression,validation,2023-01,country_my,-0.1584744759049985,-0.008430087009675138
ridge_regression,validation,2023-02,country_my,-0.06234914194102419,0.013319638545068527
ridge_regression,validation,2023-03,country_my,-0.2144628812397053,0.13216131159501426
ridge_regression,validation,2023-04,country_my,-0.1660859695715807,0.04612952332296084
ridge_regression,validation,2023-05,country_my,-0.2281899542176127,0.0843231207636562
ridge_regression,validation,2023-06,country_my,-0.16148301085621392,0.0021876321868723875
ridge_regression,validation,2023-07,country_my,-0.05398840930191044,0.0765453720666972
ridge_regression,validation,2023-08,country_my,0.047658792549932306,0.10848772115771353
ridge_regression,validation,2023-09,country_my,0.00547823726922949,0.12992412544422277
ridge_regression,validation,2023-10,country_my,0.013067578197772309,0.07896378370275069
ridge_regression,validation,2023-11,country_my,9.586789540429007e-05,0.10270132538389866
ridge_regression,validation,2023-12,country_my,-0.021011247366538654,0.09101930677284165
ridge_regression,validation,2023-01,country_ph,-0.19063680134448874,0.03139600472138651
ridge_regression,validation,2023-02,country_ph,-0.13307491351260065,0.01617185798367385
ridge_regression,validation,2023-03,country_ph,-0.15758617482354131,0.08038015342205414
ridge_regression,validation,2023-04,country_ph,-0.13325234147812123,0.04849014387847604
ridge_regression,validation,2023-05,country_ph,-0.18800988465890286,0.10629145698846655
ridge_regression,validation,2023-06,country_ph,-0.11897574405231783,0.020996489550450373
ridge_regression,validation,2023-07,country_ph,-0.11280986808596753,0.04080492124855459
ridge_regression,validation,2023-08,country_ph,-0.15382828134700466,0.06546566620453743
ridge_regression,validation,2023-09,country_ph,-0.13701622887563275,0.04262568883611638
ridge_regression,validation,2023-10,country_ph,-0.17819592013372967,0.04717358890221614
ridge_regression,validation,2023-11,country_ph,-0.06903843401464019,0.021839284331382963
ridge_regression,validation,2023-12,country_ph,-0.07856028769935541,0.09673092485130035
ridge_regression,validation,2023-01,country_sg,-0.37758451657461284,-0.11307600248710674
ridge_regression,validation,2023-02,country_sg,-0.2436520466550154,-0.1478921233053892
ridge_regression,validation,2023-03,country_sg,-0.24998754897396205,0.13444183175140767
ridge_regression,validation,2023-04,country_sg,-0.28683506362353417,0.1316685754788781
ridge_regression,validation,2023-05,country_sg,-0.17337203186049224,0.03827902666586268
ridge_regression,validation,2023-06,country_sg,-0.11502798266902337,0.08066966797805049
ridge_regression,validation,2023-07,country_sg,0.02578522288163903,0.11904574121738774
ridge_regression,validation,2023-08,country_sg,0.08362937561840934,0.08276900348968873
ridge_regression,validation,2023-09,country_sg,-0.03218803915409588,0.11480101109575992
ridge_regression,validation,2023-10,country_sg,-0.09454634194924033,0.019178402889020618
ridge_regression,validation,2023-11,country_sg,-0.03402104850745729,-0.007963639720261234
ridge_regression,validation,2023-12,country_sg,0.19918959772382416,0.07154735000502682
ridge_regression,validation,2023-01,country_th,-0.15793584651536158,0.14138113191795104
ridge_regression,validation,2023-02,country_th,0.06893313902561826,0.015060631320072723
ridge_regression,validation,2023-03,country_th,0.032279449340866725,0.141543246356225
ridge_regression,validation,2023-04,country_th,0.09062855258170506,0.08387640299282507
ridge_regression,validation,2023-05,country_th,-0.07202922317717793,0.12020772616351351
ridge_regression,validation,2023-06,country_th,0.06226182583692658,0.029739692832348355
ridge_regression,validation,2023-07,country_th,-0.004839634348906356,0.12216435686746971
ridge_regression,validation,2023-08,country_th,-0.010055124362643384,0.05648135497735956
ridge_regression,validation,2023-09,country_th,0.15709545977953823,0.08938395578352198
ridge_regression,validation,2023-10,country_th,0.015400120940979185,0.14471983486010215
ridge_regression,validation,2023-11,country_th,-0.021303514650197943,0.09233777261071385
ridge_regression,validation,2023-12,country_th,0.25802863730141934,0.06599774070715991
ridge_regression,validation,2023-01,country_us,-0.06913858699244929,0.05882099242483227
ridge_regression,validation,2023-02,country_us,0.09562739341049963,0.034078393146772384
ridge_regression,validation,2023-03,country_us,-0.08818085209156637,0.12715046626451004
ridge_regression,validation,2023-04,country_us,0.009409534476496955,0.045189315964365484
ridge_regression,validation,2023-05,country_us,-0.007171697196064565,0.10903065716992727
ridge_regression,validation,2023-06,country_us,0.019282959041881063,0.06407181403765103
ridge_regression,validation,2023-07,country_us,-0.029888437797236676,0.0891008657603201
ridge_regression,validation,2023-08,country_us,-0.024167328501855052,0.056728188237891164
ridge_regression,validation,2023-09,country_us,-0.0020134742265604366,0.06783219833852447
ridge_regression,validation,2023-10,country_us,-0.1029465758135344,0.08659692287613292
ridge_regression,validation,2023-11,country_us,-0.05363665010325811,0.028463242827569596
ridge_regression,validation,2023-12,country_us,-0.07238126508229367,0.05639952728881357
ridge_regression,validation,2023-01,country_vn,-0.21540332728959397,0.06660693021048725
ridge_regression,validation,2023-02,country_vn,-0.11197857418330985,0.027321339479133816
ridge_regression,validation,2023-03,country_vn,-0.2166766097151593,0.06544572091978165
ridge_regression,validation,2023-04,country_vn,-0.2504675724475018,-0.02756623504603596
ridge_regression,validation,2023-05,country_vn,-0.025958356878236354,-0.02945527321221271
ridge_regression,validation,2023-06,country_vn,0.028341464198687154,0.08392927395816052
ridge_regression,validation,2023-07,country_vn,0.1477878674616435,0.10361982041381577
ridge_regression,validation,2023-08,country_vn,0.17774306538626894,0.09785197736855773
ridge_regression,validation,2023-09,country_vn,0.15167531365346718,0.10473240862056205
ridge_regression,validation,2023-10,country_vn,0.1862700566861777,0.05248745536571255
ridge_regression,validation,2023-11,country_vn,0.20648243956589646,0.07861821059758013
ridge_regression,validation,2023-12,country_vn,-1.0,0.10400727559995766
ridge_regression,test,2024-01,country_203,-0.019219216839607395,0.07667068868435639
ridge_regression,test,2024-02,country_203,0.12653940556165122,0.006483303819593972
ridge_regression,test,2024-03,country_203,0.009661408264420475,0.10410315887432056
ridge_regression,test,2024-04,country_203,-0.04993697319295532,-0.002260026663703965
ridge_regression,test,2024-05,country_203,-0.040478088439262906,0.021030068323580856
ridge_regression,test,2024-06,country_203,0.18569780615047043,0.027463243021266084
ridge_regression,test,2024-07,country_203,-0.027008918685309108,0.13374066171277796
ridge_regression,test,2024-08,country_203,0.17315627935176145,0.0626110168788631
ridge_regression,test,2024-09,country_203,0.019595548098935007,0.11546442220924172
ridge_regression,test,2024-10,country_203,-0.04119570140299326,-0.03746339180170667
ridge_regression,test,2024-11,country_203,0.12184117284048018,0.015112973417109848
ridge_regression,test,2024-01,country_344,-0.1852187562865081,-0.009065220273506716
ridge_regression,test,2024-02,country_344,0.14286868375559023,-0.09054377598120587
ridge_regression,test,2024-03,country_344,0.050588420048618625,0.12722891003698011
ridge_regression,test,2024-04,country_344,-0.03417648016210621,0.09274995483170603
ridge_regression,test,2024-05,country_344,0.12181409425010202,0.013346361719188543
ridge_regression,test,2024-06,country_344,0.02404467891599398,0.08498829931962755
ridge_regression,test,2024-07,country_344,0.04878436713343935,0.051454204529075544
ridge_regression,test,2024-08,country_344,0.11288101883692964,0.06423041181837011
ridge_regression,test,2024-09,country_344,0.06185461865286108,0.07628350303574202
ridge_regression,test,2024-10,country_344,0.11618713569711366,0.05904050890090172
ridge_regression,test,2024-11,country_344,0.11505462347564241,0.07614512730624029
ridge_regression,test,2024-01,country_372,-0.4918802210837043,0.048576396442867105
ridge_regression,test,2024-02,country_372,-0.07981820921005243,-0.17372512497039538
ridge_regression,test,2024-03,country_372,0.1499688582065775,0.0843096316142701
ridge_regression,test,2024-04,country_372,0.4332750665553942,0.11858498930253764
ridge_regression,test,2024-05,country_372,0.16534979338324376,0.23649575277011642
ridge_regression,test,2024-06,country_372,0.1972176958708383,0.08505262819714798
ridge_regression,test,2024-07,country_372,-0.2545923807632049,0.0606380836005775
ridge_regression,test,2024-08,country_372,-0.046198095250512175,-0.20413140225649484
ridge_regression,test,2024-09,country_372,-0.17419034356044513,-0.11386077941841592
ridge_regression,test,2024-10,country_372,0.38818705848844925,-0.04472630298425727
ridge_regression,test,2024-11,country_372,0.3149802463313205,0.28890847147033616
ridge_regression,test,2024-01,country_380,-0.22328372965981386,0.06234649185951879
ridge_regression,test,2024-02,country_380,-0.11923722249954816,0.03700755585918232
ridge_regression,test,2024-03,country_380,-0.073708391379528,0.08984752979745396
ridge_regression,test,2024-04,country_380,-0.08264553593445051,0.063212582917678
ridge_regression,test,2024-05,country_380,-0.1517538026259624,0.0008335948763720652
ridge_regression,test,2024-06,country_380,-0.020097192143957433,-0.061180639167378384
ridge_regression,test,2024-07,country_380,-0.3217578794592604,0.05352006426156772
ridge_regression,test,2024-08,country_380,-0.04817626027646343,-0.16228235158595244
ridge_regression,test,2024-09,country_380,-0.17459142512643178,0.07428698830186344
ridge_regression,test,2024-10,country_380,-0.1569264546885492,-0.04207775994464845
ridge_regression,test,2024-11,country_380,-0.2468712915595713,0.05558271065396915
ridge_regression,test,2024-01,country_cn,-0.1944972154793319,0.024100420772275213
ridge_regression,test,2024-02,country_cn,0.02593363137777259,-0.09158108173273972
ridge_regression,test,2024-03,country_cn,0.028806672620074948,0.09396686429346326
ridge_regression,test,2024-04,country_cn,-0.01000020447324731,0.0896609061997223
ridge_regression,test,2024-05,country_cn,-0.0071816448780874,0.07963721799445811
ridge_regression,test,2024-06,country_cn,0.06542111158943692,0.07481129585651557
ridge_regression,test,2024-07,country_cn,0.0627626932874281,0.09184998807026441
ridge_regression,test,2024-08,country_cn,0.13832393221282066,0.09961592353771809
ridge_regression,test,2024-09,country_cn,0.08461759641931409,0.09467364191594663
ridge_regression,test,2024-10,country_cn,0.044719410699204855,0.08554888287988818
ridge_regression,test,2024-11,country_cn,0.12169874318259931,0.08191113628132576
ridge_regression,test,2024-01,country_de,-0.29448106219249603,0.09946691814828933
ridge_regression,test,2024-02,country_de,-0.22424635670901488,-0.004950393974997955
ridge_regression,test,2024-03,country_de,-0.19725284782320496,0.11035708791673027
ridge_regression,test,2024-04,country_de,-0.16043706796105078,0.0852033355149976
ridge_regression,test,2024-05,country_de,-0.09923559293701369,0.06426237064107343
ridge_regression,test,2024-06,country_de,-0.05958375002696124,0.08292305714302343
ridge_regression,test,2024-07,country_de,-0.1234867691378551,0.08811527590815747
ridge_regression,test,2024-08,country_de,0.043561133430128726,0.030700615955474422
ridge_regression,test,2024-09,country_de,-0.03753272095235699,0.1054384386151217
ridge_regression,test,2024-10,country_de,-0.15039843470598738,0.08507904693580408
ridge_regression,test,2024-11,country_de,-0.0779450396642101,0.004784491313042205
ridge_regression,test,2024-01,country_fr,-0.2498556117546943,0.1239104222395959
ridge_regression,test,2024-02,country_fr,-0.17829200553026153,0.003635087023502445
ridge_regression,test,2024-03,country_fr,-0.05627073222101462,0.05188581755019742
ridge_regression,test,2024-04,country_fr,-0.09725700143904581,0.1293198507321596
ridge_regression,test,2024-05,country_fr,-0.006580351010873622,0.09873462982314565
ridge_regression,test,2024-06,country_fr,-0.17872747342247944,0.10696382208916548
ridge_regression,test,2024-07,country_fr,-0.1751318548994323,-0.03846907406876003
ridge_regression,test,2024-08,country_fr,-0.0811965518308289,-0.012965999101223882
ridge_regression,test,2024-09,country_fr,-0.15645659420823296,0.09371776791746306
ridge_regression,test,2024-10,country_fr,-0.1499332811612128,0.053020234092351654
ridge_regression,test,2024-11,country_fr,-0.09826707422310679,0.05627133019659611
ridge_regression,test,2024-01,country_gb,-0.21592803508871614,0.0773112251853984
ridge_regression,test,2024-02,country_gb,-0.2051038979182732,0.03739030568653351
ridge_regression,test,2024-03,country_gb,-0.04065030630844882,0.014109089843435951
ridge_regression,test,2024-04,country_gb,-0.19352450602064344,0.11350450571060232
ridge_regression,test,2024-05,country_gb,-0.04731319774225875,0.013782214704151655
ridge_regression,test,2024-06,country_gb,-0.09351859635843854,0.10422223019554012
ridge_regression,test,2024-07,country_gb,-0.03832425624911609,0.05351673880018608
ridge_regression,test,2024-08,country_gb,-0.0072811160820475535,0.09798790829424318
ridge_regression,test,2024-09,country_gb,-0.09621186797044526,0.08428814911701005
ridge_regression,test,2024-10,country_gb,-0.02678014188311717,0.03580672637155556
ridge_regression,test,2024-11,country_gb,-0.20061862517395662,0.07491217127312202
ridge_regression,test,2024-01,country_in,0.09986938312029459,0.2111229462888829
ridge_regression,test,2024-02,country_in,0.09500864629586647,0.018036504356098368
ridge_regression,test,2024-03,country_in,-0.052976238236251416,0.032738836907252516
ridge_regression,test,2024-04,country_in,-0.051365286213605574,0.015399657693625252
ridge_regression,test,2024-05,country_in,-0.07354671013777964,0.0319374538982788
ridge_regression,test,2024-06,country_in,0.18779245100750766,0.08731767386979256
ridge_regression,test,2024-07,country_in,0.13867199814324369,0.182829849627978
ridge_regression,test,2024-08,country_in,-0.004575890842546289,0.18310078771729882
ridge_regression,test,2024-09,country_in,-0.04726199393469919,0.030172976708178686
ridge_regression,test,2024-10,country_in,-0.053417818122001644,-0.005310644975541637
ridge_regression,test,2024-11,country_in,-0.05231052914705391,0.06331012744000807
ridge_regression,test,2024-01,country_jp,-0.28160780085333187,-0.07588869321619653
ridge_regression,test,2024-02,country_jp,-0.07184557977040046,-0.1265584768795467
ridge_regression,test,2024-03,country_jp,-0.19792674949348538,0.13188830217298408
ridge_regression,test,2024-04,country_jp,-0.18221977127913347,0.049496234892012714
ridge_regression,test,2024-05,country_jp,-0.14975716666770228,0.06832683200126098
ridge_regression,test,2024-06,country_jp,-0.007402111232204702,0.08922854826928595
ridge_regression,test,2024-07,country_jp,-0.09275231173871656,0.11840719165875987
ridge_regression,test,2024-08,country_jp,0.16790831159890823,0.08331938443256709
ridge_regression,test,2024-09,country_jp,0.02151610751989135,0.1454461372303711
ridge_regression,test,2024-10,country_jp,-0.048295684287541635,0.06152299131089323
ridge_regression,test,2024-11,country_jp,0.01862850649766177,0.0208794331874278
ridge_regression,test,2024-01,country_kr,0.040081350189012155,0.0984578905608091
ridge_regression,test,2024-02,country_kr,0.09490880513460966,0.09660930547865423
ridge_regression,test,2024-03,country_kr,0.09542452920116462,0.08646580423630551
ridge_regression,test,2024-04,country_kr,0.10313860886609763,0.0775356604354363
ridge_regression,test,2024-05,country_kr,-0.05299936333286786,0.10735325538986142
ridge_regression,test,2024-06,country_kr,0.11338848746354666,0.0076353377379970305
ridge_regression,test,2024-07,country_kr,0.10080488930404559,0.07022102029048549
ridge_regression,test,2024-08,country_kr,0.1539289889166634,0.10036001269868544
ridge_regression,test,2024-09,country_kr,0.1591405593104103,0.10243689479496097
ridge_regression,test,2024-10,country_kr,0.11662240485490152,0.1073776398578031
ridge_regression,test,2024-11,country_kr,0.17782144738175268,0.044699734345062976
ridge_regression,test,2024-01,country_mx,-0.06863896948649588,0.01996537779563863
ridge_regression,test,2024-02,country_mx,-0.18873558225570464,0.12804057088602488
ridge_regression,test,2024-03,country_mx,-0.022265504170029156,0.0716332058930992
ridge_regression,test,2024-04,country_mx,0.0007515979149700761,0.15162422147585541
ridge_regression,test,2024-05,country_mx,0.09921849270475712,0.11142446947865908
ridge_regression,test,2024-06,country_mx,0.10036218746811708,0.13063201546833605
ridge_regression,test,2024-07,country_mx,0.13509459530239912,0.13909329237591533
ridge_regression,test,2024-08,country_mx,0.15847091257971696,0.10797755477504989
ridge_regression,test,2024-09,country_mx,0.24416350750328614,0.1148989741564625
ridge_regression,test,2024-10,country_mx,0.0004697874773041026,0.12855754383944495
ridge_regression,test,2024-11,country_mx,0.07553284900340383,0.017292824171582205
ridge_regression,test,2024-01,country_my,-0.07219337706582761,0.0765374672474115
ridge_regression,test,2024-02,country_my,0.008893288422169032,0.04300494179229168
ridge_regression,test,2024-03,country_my,0.026769751137828573,0.10976788213850903
ridge_regression,test,2024-04,country_my,0.08489318517490942,0.10447697911518238
ridge_regression,test,2024-05,country_my,0.08741681076343663,0.10082941736206391
ridge_regression,test,2024-06,country_my,0.3182548547372406,0.11397759561347197
ridge_regression,test,2024-07,country_my,0.5003450824889549,0.17246496362199415
ridge_regression,test,2024-08,country_my,0.2899019888592182,0.22375704665542878
ridge_regression,test,2024-09,country_my,0.4025022462755295,0.08924939724008926
ridge_regression,test,2024-10,country_my,0.3079154077325544,0.11905266250146428
ridge_regression,test,2024-11,country_my,0.3156601250704645,0.08190134464502458
ridge_regression,test,2024-01,country_ph,-0.1522028866460431,0.066741996971784
ridge_regression,test,2024-02,country_ph,-0.06424088477845272,0.03443034044105331
ridge_regression,test,2024-03,country_ph,-0.06696633877290589,0.08472108378272508
ridge_regression,test,2024-04,country_ph,0.07322315210255134,0.07916231679877507
ridge_regression,test,2024-05,country_ph,0.028189496232550692,0.1356918844578081
ridge_regression,test,2024-06,country_ph,0.1966210322926354,0.12552687227738799
ridge_regression,test,2024-07,country_ph,0.18929838465004248,0.1347672794721502
ridge_regression,test,2024-08,country_ph,0.16053325029337742,0.1303108863455678
ridge_regression,test,2024-09,country_ph,0.28941746239942334,0.07108035662365565
ridge_regression,test,2024-10,country_ph,0.1101376974672764,0.1361927064955224
ridge_regression,test,2024-11,country_ph,-0.026031218829038468,0.06179757142268059
ridge_regression,test,2024-01,country_sg,0.07522839598797056,0.1615809296912059
ridge_regression,test,2024-02,country_sg,0.2899479337432561,0.12719040598731263
ridge_regression,test,2024-03,country_sg,0.28806385674695106,0.12389154358548242
ridge_regression,test,2024-04,country_sg,0.23673387524367698,0.0995008080007649
ridge_regression,test,2024-05,country_sg,0.22362119637615235,0.06705531066718617
ridge_regression,test,2024-06,country_sg,0.1373002611826863,0.0586817519777782
ridge_regression,test,2024-07,country_sg,0.09501897204062448,0.04991068537684787
ridge_regression,test,2024-08,country_sg,0.1064210329296007,0.051566647373939116
ridge_regression,test,2024-09,country_sg,0.12786846936226548,0.09116746734479446
ridge_regression,test,2024-10,country_sg,-0.004160149488833148,0.11925201924337575
ridge_regression,test,2024-11,country_sg,0.2728062985286792,0.04995547820745656
ridge_regression,test,2024-01,country_th,0.01830800108860787,0.17404020136044912
ridge_regression,test,2024-02,country_th,0.3308093002358191,0.09166958125255566
ridge_regression,test,2024-03,country_th,0.1400477826124266,0.2094865413136653
ridge_regression,test,2024-04,country_th,0.4350694825495279,0.04680914108114159
ridge_regression,test,2024-05,country_th,0.047599013696537226,0.20342375225356824
ridge_regression,test,2024-06,country_th,0.23423932279148293,-0.027783770384350884
ridge_regression,test,2024-07,country_th,-0.11286910187760012,0.13783436419585887
ridge_regression,test,2024-08,country_th,0.05704386102662564,-0.06171627650494686
ridge_regression,test,2024-09,country_th,0.178286075902339,0.1322786844455504
ridge_regression,test,2024-10,country_th,-0.21556926935437612,0.14099421118467548
ridge_regression,test,2024-11,country_th,-0.03582046310849334,-0.054879046676364854
ridge_regression,test,2024-01,country_us,-0.15888959989886503,0.0637467703025754
ridge_regression,test,2024-02,country_us,0.02296344876750635,0.016313007915021493
ridge_regression,test,2024-03,country_us,0.010820807635856692,0.1150593530800477
ridge_regression,test,2024-04,country_us,0.05107370548016595,0.11537367430719664
ridge_regression,test,2024-05,country_us,0.1162865408889359,0.10185257088437762
ridge_regression,test,2024-06,country_us,0.04594724314260865,0.11818116157048153
ridge_regression,test,2024-07,country_us,-0.057109956416654,0.07682328197057724
ridge_regression,test,2024-08,country_us,0.12548891975863258,0.013962060965487494
ridge_regression,test,2024-09,country_us,-0.09902636520385442,0.1099127096915355
ridge_regression,test,2024-10,country_us,-0.14625492954509256,-0.009679239904100315
ridge_regression,test,2024-11,country_us,-0.06442210251818534,0.004688055205990721
ridge_regression,test,2024-01,country_vn,-1.0,-0.5791435741303224
ridge_regression,test,2024-02,country_vn,-1.0,-0.5286986666558464
ridge_regression,test,2024-03,country_vn,-1.0,-0.5433732171758585
ridge_regression,test,2024-04,country_vn,-1.0,-0.5281270513970218
ridge_regression,test,2024-05,country_vn,-1.0,-0.560105255439409
ridge_regression,test,2024-06,country_vn,-1.0,-0.5263826379003829
